{
  "epoch": [
    1,
    2,
    3,
    4,
    5,
    6,
    7,
    8
  ],
  "train_loss": [
    null,
    null,
    null,
    null,
    null,
    null,
    null,
    null
  ],
  "val_loss": [
    null,
    null,
    null,
    null,
    null,
    null,
    null,
    null
  ],
  "mAP50": [
    null,
    0.52777,
    0.85627,
    0.94271,
    0.96744,
    0.97631,
    0.97648,
    0.98041
  ],
  "mAP50-95": [
    null,
    0.37605,
    0.63994,
    0.71159,
    0.73795,
    0.73021,
    0.7513,
    0.75556
  ],
  "precision": [
    null,
    0.47748,
    0.81457,
    0.8759,
    0.92716,
    0.94352,
    0.94573,
    0.95247
  ],
  "recall": [
    null,
    0.60461,
    0.77752,
    0.88558,
    0.91069,
    0.93579,
    0.93179,
    0.94254
  ],
  "lr": [
    0.000333019164310399,
    0.0006645273415436236,
    0.0009887631732451013,
    0.0009755285028649953,
    0.0009567731610940122,
    0.0009330133717652004,
    0.0009045094521025019,
    0.0008715736970145698
  ],
  "time_elapsed": [
    145.7,
    292.7,
    434.6,
    577.6,
    719.0,
    891.3,
    1032.2,
    1177.9
  ],
  "gpu_mem_used": [
    0.1,
    0.11,
    0.11,
    0.13,
    0.14,
    0.14,
    0.15,
    0.16
  ]
}